{"cameraMode":{"drawMode":0,"name":"Shaded","section":"Shading Mode"},"sceneLighting":true,"audioPlay":false,"sceneViewState":{"showFog":true,"showMaterialUpdate":false,"showSkybox":true,"showFlares":true,"showImageEffects":true,"showParticleSystems":true},"in2DMode":false,"pivot":{"x":532.1591796875,"y":241.12637329101563,"z":193.00225830078126},"rotation":{"x":-0.04527239874005318,"y":0.4590652585029602,"z":0.023435048758983613,"w":0.886947751045227},"size":310.71600341796877,"orthographic":false}