{"cameraMode":{"drawMode":0,"name":"Shaded","section":"Shading Mode"},"sceneLighting":true,"audioPlay":false,"sceneViewState":{"showFog":true,"showMaterialUpdate":false,"showSkybox":true,"showFlares":true,"showImageEffects":true,"showParticleSystems":true},"in2DMode":false,"pivot":{"x":-413.8298034667969,"y":-111.57864379882813,"z":-895.6734008789063},"rotation":{"x":0.14292407035827638,"y":0.7808526158332825,"z":-0.19357192516326905,"w":0.5765397548675537},"size":81.31571197509766,"orthographic":false}